{
    "cluster_0": {
        "min": 0.12167203189960787,
        "max": 1.1962615741769276,
        "mean": 0.6737439657319756,
        "std": 0.2414982392507895
    },
    "cluster_1": {
        "min": 0.18334848348111094,
        "max": 1.3235205645931019,
        "mean": 0.6612926257986074,
        "std": 0.26915909443381675
    },
    "cluster_2": {
        "min": 0.2226737343332253,
        "max": 1.0874689835279208,
        "mean": 0.6629711230826674,
        "std": 0.23675366199184122
    },
    "cluster_3": {
        "min": 0.1242483393783211,
        "max": 1.0526753412738636,
        "mean": 0.5572240708455621,
        "std": 0.260480790139759
    }
}