{
    "cluster_0": {
        "min": 0.2870258351442946,
        "max": 2.3210998033036847,
        "mean": 1.0053191405313635,
        "std": 0.4367880398264721
    },
    "cluster_1": {
        "min": 0.18611200883860488,
        "max": 1.928909993320523,
        "mean": 1.0775989218949966,
        "std": 0.4344763546952029
    }
}