{
    "cluster_0": {
        "min": 0.18342992707001626,
        "max": 1.1557099918752909,
        "mean": 0.6842652712472139,
        "std": 0.2674729218927561
    },
    "cluster_1": {
        "min": 0.04984098004937928,
        "max": 1.6088652463690472,
        "mean": 0.6450303280455105,
        "std": 0.3933325295009959
    },
    "cluster_2": {
        "min": 0.27902359308689695,
        "max": 1.115379523065578,
        "mean": 0.6018985431342514,
        "std": 0.20571508884132286
    },
    "cluster_3": {
        "min": 0.3154556844149796,
        "max": 0.9597462406372691,
        "mean": 0.5731024224487012,
        "std": 0.15334573344637153
    }
}