{
    "cluster_0": {
        "min": 0.07676330604935391,
        "max": 1.807748618300657,
        "mean": 1.0681823285737386,
        "std": 0.4799818351890348
    },
    "cluster_1": {
        "min": 0.1755623784567457,
        "max": 1.6708297969051378,
        "mean": 0.9426238079472776,
        "std": 0.3748807355317723
    }
}