{
    "cluster_0": {
        "min": 0.0956767474650279,
        "max": 1.1855772608937996,
        "mean": 0.6247444933025412,
        "std": 0.28368137680660044
    },
    "cluster_1": {
        "min": 0.17494559122092398,
        "max": 1.127716276153238,
        "mean": 0.6483327515256652,
        "std": 0.26813164195574263
    },
    "cluster_2": {
        "min": 0.1774867260786047,
        "max": 0.9942788053484092,
        "mean": 0.5352232472377283,
        "std": 0.2001935132248074
    },
    "cluster_3": {
        "min": 0.13146909208847143,
        "max": 1.0859540588297938,
        "mean": 0.5852163929195427,
        "std": 0.2511654322647669
    }
}