{
    "cluster_0": {
        "min": 0.18159196151616336,
        "max": 1.1364406895082124,
        "mean": 0.6677928409285255,
        "std": 0.2267158902001602
    },
    "cluster_1": {
        "min": 0.17619552487522067,
        "max": 0.9653420533218484,
        "mean": 0.5529304630000565,
        "std": 0.20177123818973194
    },
    "cluster_2": {
        "min": 0.30405480497207565,
        "max": 1.2228972253585757,
        "mean": 0.7369194718447614,
        "std": 0.24988392802062873
    },
    "cluster_3": {
        "min": 0.062070563765017024,
        "max": 1.0553887324232003,
        "mean": 0.5731299628424602,
        "std": 0.3214736316504741
    }
}