f_statistic,p_value
2.590050317260808,0.07552096442141112
