count,mean,std,min,25%,50%,75%,max
1000.0,0.49694623194208687,0.28797351568441937,0.0008882434562643704,0.24232542741332808,0.49242746881979094,0.7546866225330435,0.9996262391271377
