{
    "cluster_0": {
        "min": 0.12314304856217173,
        "max": 1.8869767908502997,
        "mean": 0.9630013974896612,
        "std": 0.460554981409235
    },
    "cluster_1": {
        "min": 0.08626564053714143,
        "max": 1.8461912697195813,
        "mean": 1.0563642164877876,
        "std": 0.45476619982311867
    }
}