{
    "cluster_0": {
        "min": 0.4374353726762629,
        "max": 1.7309528871449105,
        "mean": 0.8913529162637656,
        "std": 0.3332041180006031
    },
    "cluster_1": {
        "min": 0.16065332264639284,
        "max": 2.6388753217395866,
        "mean": 1.0988565610804732,
        "std": 0.5395578860944749
    }
}