{
    "cluster_0": {
        "min": 0.08874745663979257,
        "max": 1.4631161622875917,
        "mean": 0.808935628244976,
        "std": 0.38616571640054614
    },
    "cluster_1": {
        "min": 0.3930480594710423,
        "max": 1.3044293627260575,
        "mean": 0.7544818248078592,
        "std": 0.2349608314500504
    },
    "cluster_2": {
        "min": 0.03488074923274426,
        "max": 0.920851177194616,
        "mean": 0.5240200232835337,
        "std": 0.2793582854932142
    },
    "cluster_3": {
        "min": 0.15890196508977036,
        "max": 1.7167849784136668,
        "mean": 0.5970367489293353,
        "std": 0.33365582487336976
    }
}