{
    "cluster_0": {
        "min": 0.09390535352366162,
        "max": 1.0320556170257127,
        "mean": 0.6222518855611219,
        "std": 0.22191148821882223
    },
    "cluster_1": {
        "min": 0.24846108624820612,
        "max": 1.1199271912850448,
        "mean": 0.6847224762333455,
        "std": 0.24189429132169388
    },
    "cluster_2": {
        "min": 0.11336134016226605,
        "max": 0.9096539726310253,
        "mean": 0.6289662905913177,
        "std": 0.23510790346105512
    },
    "cluster_3": {
        "min": 0.22628192565489802,
        "max": 1.0685048901275198,
        "mean": 0.6898960189113487,
        "std": 0.21523055305584446
    }
}