{
    "cluster_0": {
        "min": 0.1611812852688797,
        "max": 0.9315504630628397,
        "mean": 0.5814405863465644,
        "std": 0.24570525186120262
    },
    "cluster_1": {
        "min": 0.2716827394276755,
        "max": 1.170680137270903,
        "mean": 0.6156381955096767,
        "std": 0.22997343071507384
    },
    "cluster_2": {
        "min": 0.3130152722743761,
        "max": 1.2365151997185122,
        "mean": 0.7007964382060178,
        "std": 0.25134922369508467
    },
    "cluster_3": {
        "min": 0.0948805065762829,
        "max": 1.1328566789544063,
        "mean": 0.6858360932818929,
        "std": 0.25077730495975625
    }
}