{
    "cluster_0": {
        "min": 0.0732495282109289,
        "max": 2.110003338521489,
        "mean": 0.9265189554225804,
        "std": 0.4924057912573763
    },
    "cluster_1": {
        "min": 0.19897378786092426,
        "max": 2.1824167287033975,
        "mean": 0.8864784681497941,
        "std": 0.5075234990010007
    }
}