{
    "cluster_0": {
        "min": 0.020551935727140435,
        "max": 0.3183998789266954,
        "mean": 0.17222990884555225,
        "std": 0.06454775475365614
    },
    "cluster_1": {
        "min": 0.02045495048151923,
        "max": 0.40010288212325273,
        "mean": 0.20306177357934377,
        "std": 0.08673201213066897
    },
    "cluster_2": {
        "min": 0.025744295756792334,
        "max": 0.4464641602100057,
        "mean": 0.1907258689712086,
        "std": 0.11209886346850546
    },
    "cluster_3": {
        "min": 0.04641079933103078,
        "max": 0.36085724966521043,
        "mean": 0.164855013356876,
        "std": 0.08725015126033824
    }
}