{
    "cluster_0": {
        "min": 0.007885522317908414,
        "max": 0.37359884489414924,
        "mean": 0.2006480643002534,
        "std": 0.08378015011881783
    },
    "cluster_1": {
        "min": 0.054573915529044004,
        "max": 0.3070562148317851,
        "mean": 0.17067481234768736,
        "std": 0.06719410835353616
    },
    "cluster_2": {
        "min": 0.06678023181016017,
        "max": 0.23567331440047,
        "mean": 0.13519549473144857,
        "std": 0.058358365615289454
    },
    "cluster_3": {
        "min": 0.011753313987841896,
        "max": 0.3049215135608397,
        "mean": 0.17522966269880108,
        "std": 0.08137328331870175
    }
}