{
    "cluster_0": {
        "min": 0.06146532106077375,
        "max": 1.0343775962355404,
        "mean": 0.6424121106425257,
        "std": 0.2638332874896573
    },
    "cluster_1": {
        "min": 0.1332994253235029,
        "max": 1.1756975825805789,
        "mean": 0.7523765355865756,
        "std": 0.26141527244377305
    },
    "cluster_2": {
        "min": 0.14661559216989822,
        "max": 1.1091211729371335,
        "mean": 0.6830363774283471,
        "std": 0.24095925103523663
    },
    "cluster_3": {
        "min": 0.31982956410122915,
        "max": 0.8965913583639264,
        "mean": 0.6377969904270694,
        "std": 0.19014067798045636
    }
}