{
    "cluster_0": {
        "min": 0.29136439389514557,
        "max": 0.9300485132362445,
        "mean": 0.6343835095045571,
        "std": 0.19098973113705822
    },
    "cluster_1": {
        "min": 0.2559529036935527,
        "max": 1.2599197414533883,
        "mean": 0.7190003082047738,
        "std": 0.2631475781174719
    },
    "cluster_2": {
        "min": 0.151711240576371,
        "max": 1.346609826332315,
        "mean": 0.6996884546480934,
        "std": 0.3045585959914198
    },
    "cluster_3": {
        "min": 0.35583179866828485,
        "max": 0.9919144802731203,
        "mean": 0.5809032707787191,
        "std": 0.16166264964719498
    }
}