{
    "cluster_0": {
        "min": 0.04797598932461499,
        "max": 1.0746566988540416,
        "mean": 0.594429746596918,
        "std": 0.2768701032558493
    },
    "cluster_1": {
        "min": 0.17011884486651677,
        "max": 1.1410588185185515,
        "mean": 0.663969086168122,
        "std": 0.24032103954372996
    },
    "cluster_2": {
        "min": 0.212013915482694,
        "max": 0.9978043745256774,
        "mean": 0.595940241404919,
        "std": 0.21170073138103962
    },
    "cluster_3": {
        "min": 0.10874433805718345,
        "max": 0.9534771194504232,
        "mean": 0.6534225185905095,
        "std": 0.19420130436485047
    }
}