{
    "cluster_0": {
        "min": 0.15012893346875356,
        "max": 2.0401999239025876,
        "mean": 1.0170616039689595,
        "std": 0.5118207777302033
    },
    "cluster_1": {
        "min": 0.13889925905566206,
        "max": 2.287162821299243,
        "mean": 0.9291820952699655,
        "std": 0.4849003376723474
    }
}