{
    "cluster_0": {
        "min": 0.1930113331228079,
        "max": 2.1023811636138,
        "mean": 1.133828812154022,
        "std": 0.44588177887471675
    },
    "cluster_1": {
        "min": 0.23389090672193166,
        "max": 1.6215549315779068,
        "mean": 0.9045835651291951,
        "std": 0.33071180547177714
    }
}