{
    "play_type": "fts",
    "window_size": 15,
    "feature_variance": 0.08127714004215998,
    "regression_results": {
        "logistic_regression": {
            "mean_roc_auc": 0.5914626262626264,
            "std_roc_auc": 0.11051580144552185
        },
        "feature_importance_logistic": 