{
    "cluster_0": {
        "min": 0.06504221754214967,
        "max": 1.0024583687803659,
        "mean": 0.6364054356928709,
        "std": 0.26123442304979766
    },
    "cluster_1": {
        "min": 0.1930671858141116,
        "max": 1.1061919943602856,
        "mean": 0.595428703018804,
        "std": 0.22012466215871523
    },
    "cluster_2": {
        "min": 0.2865612561557086,
        "max": 0.9736888152348827,
        "mean": 0.6178905332193916,
        "std": 0.16787489066883343
    },
    "cluster_3": {
        "min": 0.05308072760510951,
        "max": 1.0000262423013273,
        "mean": 0.5610851353532048,
        "std": 0.2562419919810561
    }
}