{
    "cluster_0": {
        "min": 0.41058400030993053,
        "max": 12.416897464195973,
        "mean": 6.442133278884238,
        "std": 3.5745312345509106
    },
    "cluster_1": {
        "min": 0.3777841861755512,
        "max": 12.66663673204998,
        "mean": 6.484314514698177,
        "std": 3.7806355901908897
    },
    "cluster_2": {
        "min": 0.22723963750686288,
        "max": 12.784362302944402,
        "mean": 6.3784638542142735,
        "std": 3.4006715537242846
    },
    "cluster_3": {
        "min": 0.039829597124646614,
        "max": 11.989021802269953,
        "mean": 6.209048163750929,
        "std": 3.44495366184471
    }
}